Gene,Accession,Primer Name,Sequence (5' ? 3'),Len,Tm?,Prod. (bp),Note,
GAPDH,NM_008084.4,mGAPDH-F,AGGTCGGTGTGAACGGATTT,20,59.6,100,Ref Gene,
,,mGAPDH-R,ATGAAGGGGTCGTTGATGGC,20,60.4,,,
Acta2,NM_007392.3,mActa2-F,TGTGAAGAGGAAGACAGCACA,21,59.2,142,Specificity Checked,
,,mActa2-R,TTCCAACCATTACTCCCTGATGTC,24,60.3,,,
Col1a1,NM_007742.4,mCol1a1-F,TGACTGGAAGAGCGGAGAGTA,21,60,118,Low GC Opt,
,,mCol1a1-R,AGACGGCTGAGTAGGGAACA,20,60.3,,,
Tyro3,NM_019392.3,mTyro3-F,AGTGGAACGGTCTGATGCTG,20,60,104,Clean Dimer Profile,
,,mTyro3-R,AGAATGGCACACCTTCGACA,20,59.6,,,
Axl,NM_009465.4,mAxl-F,CCAACCGTGGAAAGAGGTGA,20,59.9,94,High Spec,
,,mAxl-R,TGCCCAGACTGTTCAAGGTG,20,60.2,,,
Mertk,NM_008587.3,mMertk-F,GGGACGTTGGTGGATACGTG,20,60.7,130,Best Tm Match,
,,mMertk-R,TTCTCGGCAGTGCCTCCA,18,60.9,,,
TGF-?1,NM_011577.2,mTGFb1-F,CAACTATTGCTTCAGCTCCACAG,23,59.9,119,GC Rich Opt,
,,mTGFb1-R,AGAAGTTGGCATGGTAGCCC,20,60,,,
GAS6,NM_019521.2,mGas6-F,CTCGTCCAGCCGATTAACCC,20,60.5,98,Dimer Free,
,,mGas6-R,TTTGCCTTGACTGTCTCCTGG,21,60.2,,,
PROS1,NM_011173.3,mPros1-F,CCTCTCAGCAATGAGGGTCC,20,59.8,104,Exon Junction,
,,mPros1-R,CACGCTCTTTGGACAAGAAGTT,22,59.4,,,
,,,,,,,,
